{"cameraMode":{"drawMode":0,"name":"Shaded","section":"Shading Mode"},"sceneLighting":false,"audioPlay":false,"sceneViewState":{"showFog":true,"showMaterialUpdate":false,"showSkybox":false,"showFlares":true,"showImageEffects":true,"showParticleSystems":true},"in2DMode":false,"pivot":{"x":-0.1145879477262497,"y":0.2282489389181137,"z":-0.17986099421977998},"rotation":{"x":-0.011099646799266339,"y":-0.035990580916404727,"z":-0.00031428251531906426,"w":0.999377429485321},"size":0.7092427015304565,"orthographic":false}