{"cameraMode":{"drawMode":0,"name":"Shaded","section":"Shading Mode"},"sceneLighting":false,"audioPlay":false,"sceneViewState":{"showFog":true,"showMaterialUpdate":false,"showSkybox":false,"showFlares":true,"showImageEffects":true,"showParticleSystems":true},"in2DMode":false,"pivot":{"x":497.51629638671877,"y":281.0527038574219,"z":-1.9381518363952637},"rotation":{"x":0.37104541063308718,"y":-0.034831080585718158,"z":0.013887212611734867,"w":0.9279019832611084},"size":1.8055475950241089,"orthographic":false}