{"cameraMode":{"drawMode":0,"name":"Shaded","section":"Shading Mode"},"sceneLighting":false,"audioPlay":false,"sceneViewState":{"showFog":true,"showMaterialUpdate":false,"showSkybox":false,"showFlares":true,"showImageEffects":true,"showParticleSystems":true},"in2DMode":false,"pivot":{"x":548.1712646484375,"y":308.5150146484375,"z":-0.8350006341934204},"rotation":{"x":0.37684914469718935,"y":-0.011094542220234871,"z":0.004574859514832497,"w":0.9262600541114807},"size":0.6576616168022156,"orthographic":false}