{"cameraMode":{"drawMode":0,"name":"Shaded","section":"Shading Mode"},"sceneLighting":false,"audioPlay":false,"sceneViewState":{"showFog":true,"showMaterialUpdate":false,"showSkybox":false,"showFlares":true,"showImageEffects":true,"showParticleSystems":true},"in2DMode":false,"pivot":{"x":0.056169554591178897,"y":0.39581340551376345,"z":0.30441510677337649},"rotation":{"x":0.06519757956266403,"y":-0.06580063700675965,"z":0.004564767237752676,"w":0.9957875609397888},"size":0.8660285472869873,"orthographic":false}