{"cameraMode":{"drawMode":0,"name":"Shaded","section":"Shading Mode"},"sceneLighting":true,"audioPlay":false,"sceneViewState":{"showFog":true,"showMaterialUpdate":false,"showSkybox":true,"showFlares":true,"showImageEffects":true,"showParticleSystems":true},"in2DMode":false,"pivot":{"x":584.9318237304688,"y":251.21530151367188,"z":-6.3717041015625},"rotation":{"x":0.06295806169509888,"y":-0.00299404701218009,"z":0.00018887495389208198,"w":0.9980116486549377},"size":648.2894897460938,"orthographic":false}