{"cameraMode":{"drawMode":0,"name":"Shaded","section":"Shading Mode"},"sceneLighting":false,"audioPlay":false,"sceneViewState":{"showFog":true,"showMaterialUpdate":false,"showSkybox":false,"showFlares":true,"showImageEffects":true,"showParticleSystems":true},"in2DMode":false,"pivot":{"x":-0.35231131315231326,"y":0.4146101772785187,"z":-0.7689314484596252},"rotation":{"x":0.06533946841955185,"y":-0.01944618485867977,"z":0.001491794129833579,"w":0.9977608919143677},"size":0.7092427015304565,"orthographic":false}