{"cameraMode":{"drawMode":0,"name":"Shaded","section":"Shading Mode"},"sceneLighting":false,"audioPlay":false,"sceneViewState":{"showFog":true,"showMaterialUpdate":false,"showSkybox":false,"showFlares":true,"showImageEffects":true,"showParticleSystems":true},"in2DMode":false,"pivot":{"x":562.3824462890625,"y":317.6737365722656,"z":-0.33095231652259829},"rotation":{"x":0.2597579061985016,"y":0.2513602375984192,"z":-0.07013220340013504,"w":0.9298115372657776},"size":1.4144344329833985,"orthographic":false}